seed,n_real,n_spurious,det_8,m_8,i_8,det_12,m_12,i_12,det_20,m_20,i_20,det_30,m_30,i_30
1,4,0,1,0.08165936220752534,47.34951401528166,1,0.06881981365279895,51.43293460844448,1,0.10272070088827492,52.90408462086868,1,0.04890019749889318,46.81682785333127
2,4,0,1,0.08570699640480132,47.183236407116055,1,0.0630415780289064,43.14724405734229,1,0.09570980381389364,49.99060525043489,1,0.049428792988596974,50.984121746808405
3,4,0,1,0.08429148722525652,47.44353194677127,1,0.06857833982866325,54.16208826585199,1,0.0997493869753794,48.570240665785235,1,0.0492367447442745,44.8197990330306
4,4,0,1,0.07424009187574161,47.358899336653224,1,0.07014231434746815,46.4404878902469,1,0.09779667745843311,51.25966545261608,1,0.046781818857517206,41.638621746156275
5,4,0,1,0.07243098421856661,47.379271454530944,1,0.06765621544180993,55.042872647406966,1,0.10258835208099942,53.213247089109124,1,0.05081871855688968,49.800809882687645
6,4,0,1,0.07378144500274156,54.64011376825539,1,0.07009747600648661,42.25468163553473,1,0.10097414780147843,50.56369840899463,1,0.04666444028076926,47.134096943898804
7,4,0,1,0.07316377900317332,35.6105996268167,1,0.06472196786688239,47.58921358582589,1,0.10134888866312364,51.33578501887223,1,0.05051617314923167,53.1687168942009
8,4,0,1,0.07692135546237215,40.309978443869596,1,0.05946867779273718,42.65097330857579,1,0.09622157590555255,49.54017074074492,1,0.04885042740041747,41.89856368016948
9,4,0,1,0.08110182671686945,46.48859261911045,1,0.06665712247416172,54.529348808741304,1,0.09727521273627103,51.56298159206546,1,0.04785023239737086,47.785496550948615
10,4,0,1,0.0765349076689248,30.396883900610618,1,0.06281763911875267,52.1639388143197,1,0.10246455933444554,52.851803467447155,1,0.045774884828703996,47.45647368744199
11,4,0,1,0.0923553495433725,48.41938281134418,1,0.06783105167385614,38.30154427775266,1,0.1028841125818882,49.70867238665327,1,0.05025290770631888,52.21557808388295
12,4,0,1,0.08269757939715285,42.988119090659865,1,0.05766309563587425,38.97706307884984,1,0.10016628600630366,49.20657240054664,1,0.04884890499321283,55.16508894457444
13,4,0,1,0.08058555934784495,29.484279123837144,1,0.0625535366684594,48.73278920142229,1,0.10229793404861237,52.39123332824402,1,0.048179285710164235,49.617503081574775
14,4,0,1,0.07190648500727533,29.518827771656458,1,0.060476226521687215,46.42443672589155,1,0.09931415578601704,53.397018986403424,1,0.046852056348001575,45.81875779094923
15,4,0,1,0.07815086542752044,47.02884056053482,1,0.0686686166305343,48.537487144659536,1,0.10665134914166435,55.087040320882736,1,0.04762952834033946,45.260252784607424
16,4,0,1,0.08145031066114189,41.529733642517094,1,0.06783173338053222,47.86451914468125,1,0.0997252635341744,51.1702474540523,1,0.052905418163785974,55.45717325444447
17,4,0,1,0.07500953047823694,44.61056078229333,1,0.0664026118065099,57.6239698721416,1,0.097540384311445,46.20243188166393,1,0.04766316412122952,51.5637237482591
18,4,0,1,0.07774669784381953,37.1037729729379,1,0.06797100221614984,36.49518404109916,1,0.1048186425310483,51.4116894947657,1,0.05267398007658444,54.604182034003436
19,4,0,1,0.08623905589278434,39.24771123685531,1,0.06174189642791624,51.2509211680257,1,0.1046710513152363,53.419195752685205,1,0.04605862603208272,46.61728196068602
20,4,0,1,0.07956549440185406,51.99824620824958,1,0.058621603888362864,25.901007651206026,1,0.09870153429061157,50.052246907863285,1,0.04882162932115155,49.019126286438734
21,4,0,1,0.08452199462925754,50.162364356704956,1,0.071160319897645,49.351683638844804,1,0.09673615989437918,46.281038722823006,1,0.04887796365164264,43.72308156230207
22,4,0,1,0.07488350671517659,48.94623007219214,1,0.06560887395015429,53.56252192013061,1,0.0996102085383423,51.495999169817345,1,0.05054888156229675,54.224888481942195
23,4,0,1,0.0823399858072028,44.70697387999824,1,0.07605448972355781,66.65943748690746,1,0.10422592986338824,53.64734203403948,1,0.05193008121923677,52.34299601069856
24,4,0,1,0.08511217731514288,43.52779490492237,1,0.06642584521061524,41.55449902475348,1,0.09889557420864334,45.85658323147642,1,0.0480466485719535,40.31742634708483
25,4,0,1,0.08506787527611395,57.54695819317562,1,0.05815562306631819,43.290559080835315,1,0.10301677993736685,52.097560573882085,1,0.048555827918774525,50.93890166214353
26,4,0,1,0.06469627405742204,31.65070976331004,1,0.06660081110951527,53.01915022067072,1,0.10598598254643271,54.66712273950168,1,0.04922022089601295,49.006951685785616
27,4,0,1,0.08760296956671229,60.90854089616315,1,0.058391814651300264,42.628678498657536,1,0.0971847245821743,48.59687215026718,1,0.04965124730695925,47.6020950958895
28,4,0,1,0.08374911184615703,43.726428035442304,1,0.06479237690447671,48.07747098246291,1,0.10402935053618859,52.53573377618536,1,0.04956471979719562,46.35618065474861
29,4,0,1,0.08800757934575941,55.77009084001944,1,0.06231851184837191,44.732150477662415,1,0.10036137228274378,49.928986987033326,1,0.04749246903126088,52.74829337235592
30,4,0,1,0.07209873886672556,49.76506043781608,1,0.0598347536534691,48.22124235902033,1,0.10405893670150723,50.241452037809175,1,0.05018697398863936,48.341083206720036
31,4,0,1,0.07381411607018107,29.359637408096585,1,0.05930956677661359,32.82975027799467,1,0.10693989895083443,54.2645995442292,1,0.048696550109845485,49.218356478546006
32,4,0,1,0.07207146442752649,20.841456704475732,1,0.06616652219406986,47.33048903610189,1,0.09853990783225366,53.27155913205405,1,0.0510809825771788,57.08243069333953
33,4,0,1,0.09011534570323224,48.12282475854619,1,0.0645570070584863,47.71918760345491,1,0.10521646922024878,53.83362955754575,1,0.050497277512850484,48.85184066530681
34,4,0,1,0.07456356766380136,46.317749064394775,1,0.06544132515183339,39.33790352308304,1,0.10193537057649135,51.2493244360884,1,0.049139029772783664,53.29000515631469
35,4,0,1,0.07675951644901459,45.175959991055095,1,0.06717760517478512,51.0809807284805,1,0.1006228348651754,48.456948983355126,1,0.04765813424375078,46.10254237950886
36,4,0,1,0.0783733368794208,53.72132667870143,1,0.06081428163257892,49.45939359128696,1,0.1000912587289437,52.08374971197474,1,0.051851294471892705,53.14800813457742
37,4,0,1,0.07444598776625011,42.01629573920463,1,0.06468878595550318,57.199597406286536,1,0.10503543415803068,53.699362589620044,1,0.04944901149046318,50.82528149276121
38,4,0,1,0.09016956661535674,47.73081597981474,1,0.05946906398646975,50.18257345822119,1,0.09970601569520755,51.813041228854644,1,0.05190998224841402,52.82228470526003
39,4,0,1,0.06748427933764416,30.74822638076484,1,0.060345097654669125,42.768441231437,1,0.09806691000520583,48.964587504286996,1,0.052896173326651905,50.64495724108866
40,4,0,1,0.07854395211617138,32.77110453344842,1,0.06384799694298704,60.35862558488877,1,0.1050473265105999,56.845945128297316,1,0.05397120709217772,54.43942755473509
41,4,0,1,0.07860716779691666,42.38286494782763,1,0.07193372306568671,58.64947002696022,1,0.1059956071679003,50.195633228953675,1,0.049504551595429304,46.49734478875951
42,4,0,1,0.08229012832146976,47.10889952059416,1,0.06463365327433461,50.60029669432233,1,0.10102055649329343,52.98909044771849,1,0.051067328062683666,57.11675678288023
43,4,0,1,0.08757548185457976,61.34513878780125,1,0.07085582482074582,50.9029644532711,1,0.10169710958235868,51.36246060695951,1,0.04932436791365262,48.34794440400436
44,4,0,1,0.0844288582528708,52.36980392481998,1,0.061459327379977786,49.430177454680994,1,0.09735615842693089,52.69073205068231,1,0.04785310802658381,42.098407318879204
45,4,0,1,0.08186828341120599,62.52947656266042,1,0.06709797380024182,38.86766552817909,1,0.10516670443338332,50.69812123212806,1,0.04779422956133788,47.06450003575869
46,4,0,1,0.06942444461401903,38.76142988347877,1,0.0667930536166678,57.74462135971112,1,0.10031279268511037,45.98295836514113,1,0.04696044364445238,45.156073825449376
47,4,0,1,0.07822341809734225,46.10397605392609,1,0.07026281718440112,51.14124706597821,1,0.10690588381811297,53.097815933694214,1,0.049830857766492154,52.72737684108379
48,4,0,1,0.06850389833356854,32.06255972188982,1,0.07240774834777657,48.64594979840134,1,0.1019385666533407,53.98775882069622,1,0.04780823952218234,45.762040130537194
49,4,0,1,0.07351839868762876,48.650091628791195,1,0.06158461242226044,54.96854032425956,1,0.10383995512711672,54.2191507108168,1,0.05002506331065787,47.788513838796796
50,4,0,1,0.08300080944965338,46.45864641382097,1,0.06901082893696817,54.53178648890701,1,0.10443320185602309,54.960209142583174,1,0.05021039171052086,47.34365621702586
